Modelo,MSE,R2
LinearRegression,3761834.319526633,0.8250309618824823
DecisionTreeRegressor,3416666.6666666665,0.8410852713178294
